{"0/precision": 0.7745327102803738, "0/recall": 0.7682502896871379, "0/f1-score": 0.7713787085514835, "0/support": 863, "1/precision": 0.7698504027617952, "1/recall": 0.7761020881670534, "1/f1-score": 0.7729636048526863, "1/support": 862, "micro avg/precision": 0.7721739130434783, "micro avg/recall": 0.7721739130434783, "micro avg/f1-score": 0.7721739130434783, "micro avg/support": 1725, "macro avg/precision": 0.7721915565210845, "macro avg/recall": 0.7721761889270957, "macro avg/f1-score": 0.7721711567020849, "macro avg/support": 1725, "weighted avg/precision": 0.7721929137116696, "weighted avg/recall": 0.7721739130434783, "weighted avg/f1-score": 0.7721706973118526, "weighted avg/support": 1725, "accuracy": 0.7721739130434783, "roc_auc": 0.8609609278591651, "pr_auc": 0.8681951872165394, "conicity_mean": "0.75709265", "conicity_std": "0.1563963"}