,mean,std
0,0.2689170837402344,0.23793545365333557
1,0.3145391345024109,0.2430279701948166
Overall,0.29057762026786804,0.24144397675991058
