,mean,std
0,0.047908586974598495,0.03187554281196777
1,0.046570957203543664,0.028977771149718338
Overall,0.04727350362242812,0.03054134428119043
