,mean,std
0,0.13009561579250925,0.1916735061885838
1,0.16413337541807416,0.19510785518605692
Overall,0.1462561521016905,0.1940574972963419
