,mean,std
0,0.03777914494276047,0.02232120744884014
1,0.040347252041101456,0.022611912339925766
Overall,0.03899843990802765,0.022496279329061508
