,mean,std
0,0.23798645274991223,0.23904049355871787
1,0.2691785317319192,0.240717105749894
Overall,0.2527959093796303,0.2403432440644539
