,mean,std
0,0.144479564396102,0.14143712749568366
1,0.23828535001904833,0.1513702950545872
Overall,0.1890169200049096,0.1535566810786646
