,mean,std
0,0.04700503498315811,0.025607232004404068
1,0.046640895307064056,0.023834368214011192
Overall,0.04683214798569679,0.02478199265897274
