,mean,std
0,0.18084585084960103,0.259702700340291
1,0.23043642389221358,0.26153544844042276
Overall,0.2043905924854849,0.2617485318381925
