,mean,std
0,0.20549265260907512,0.19206863944161193
1,0.33240940761388105,0.19726515356330945
Overall,0.26575052063744375,0.2046158709942568
