,mean,std
0,0.10228397012801294,0.033877495540737726
1,0.10197828992091401,0.030784049185153168
Overall,0.10213883848185988,0.03244593432900307
