,mean,std
0,0.2524179220199585,0.19696052372455597
1,0.3767317533493042,0.18210209906101227
Overall,0.31143999099731445,0.19993248581886292
