,mean,std
0,0.09717667623953109,0.04435190735309598
1,0.09428020702455078,0.03860076858468745
Overall,0.09580148302963608,0.041745395903853226
