,mean,std
0,0.21356611815131604,0.24896409350645238
1,0.3011966186305856,0.25560942122979
Overall,0.25517155577016926,0.25591011231632943
