,mean,std
0,0.16750520550838757,0.1743443763453137
1,0.19218371226476438,0.1802146089321989
Overall,0.17922213132489342,0.17758383158804322
