,mean,std
0,0.06465883774448507,0.026832688949098467
1,0.07321984827591241,0.025003042244428935
Overall,0.06872345665766709,0.026329459200000394
