{"0/precision": 0.8002207505518764, "0/recall": 0.8400926998841252, "0/f1-score": 0.819672131147541, "0/support": 863, "1/precision": 0.8315018315018315, "1/recall": 0.7900232018561485, "1/f1-score": 0.810232004759072, "1/support": 862, "micro avg/precision": 0.8150724637681159, "micro avg/recall": 0.8150724637681159, "micro avg/f1-score": 0.8150724637681159, "micro avg/support": 1725, "macro avg/precision": 0.8158612910268539, "macro avg/recall": 0.8150579508701368, "macro avg/f1-score": 0.8149520679533064, "macro avg/support": 1725, "weighted avg/precision": 0.8158522240468684, "weighted avg/recall": 0.8150724637681159, "weighted avg/f1-score": 0.814954804221825, "weighted avg/support": 1725, "accuracy": 0.8150724637681159, "roc_auc": 0.8959761045078276, "pr_auc": 0.9017390483938631, "conicity_mean": "0.22407177", "conicity_std": "0.06723836"}