,mean,std
grad-attn,0.10213883848185988,0.03244593432900307
attn-loo,0.09580148302963608,0.041745395903853226
grad-loo,0.06761738043727462,0.03404837314448844
