,mean,std
grad-attn,0.29057762026786804,0.24144397675991058
attn-loo,0.25517155577016926,0.25591011231632943
grad-loo,0.7353412509487034,0.1876156460843432
