,mean,std
0,0.06897153584554125,0.03561786291314809
1,0.06611937701860604,0.03215686250808682
Overall,0.06761738043727462,0.03404837314448844
