,mean,std
grad-attn,0.17922213132489342,0.17758383158804322
attn-loo,0.1462561521016905,0.1940574972963419
grad-loo,0.4567452578187364,0.196663926906534
