,mean,std
grad-attn,0.2527959093796303,0.2403432440644539
attn-loo,0.2043905924854849,0.2617485318381925
grad-loo,0.5946158760966681,0.22436269631811462
