,mean,std
0,0.03549246317869256,0.022265814716059283
1,0.03357203600295858,0.019560708682694907
Overall,0.03458067775438756,0.02104677661104707
