,mean,std
0,0.5871848183247738,0.22906523239534415
1,0.6028363136318772,0.2187491536672942
Overall,0.5946158760966681,0.22436269631811462
