,mean,std
0,0.7271128044958077,0.19202665327790963
1,0.7444437814570349,0.1821795311268976
Overall,0.7353412509487034,0.1876156460843432
