,mean,std
0,0.45047283408784233,0.1994837001865029
1,0.4636839829715937,0.1932597332733417
Overall,0.4567452578187364,0.196663926906534
