,mean,std
grad-attn,0.04683214798569679,0.02478199265897274
attn-loo,0.04727350362242812,0.03054134428119043
grad-loo,0.03458067775438756,0.02104677661104707
