,mean,std
0,0.12295120211621356,0.03633213658303627
1,0.11455982727983784,0.03483832730959119
Overall,0.11874335328521936,0.03583735710633418
