,mean,std
0,0.050839684903621674,0.026629159227013588
1,0.05118628218770027,0.02718552015721798
Overall,0.051013484597206116,0.026910142973065376
