,mean,std
0,-0.15361621652596205,0.2241090149602706
1,0.14862398277246866,0.24459491422557808
Overall,-0.002058087602401148,0.2790640959661171
