,mean,std
0,0.035056084394454956,0.02216944471001625
1,0.039272490888834,0.02316979318857193
Overall,0.037170395255088806,0.02277437224984169
