,mean,std
0,-0.14949726001923105,0.21382367176142666
1,0.15738201859946974,0.19344841157737627
Overall,0.004387131867827599,0.2551527462034897
