,mean,std
0,-0.5407243303318197,0.23012345563379386
1,0.558792256802531,0.3461582226187698
Overall,0.010627465535550338,0.6234739074173873
