,mean,std
0,-0.19989031317597686,0.28109121077210264
1,0.22057893515805496,0.2539655934535714
Overall,0.010953686713262294,0.3404887474807232
