,mean,std
0,0.05887632736243134,0.0291073657432003
1,0.06746168978770689,0.028535096097038908
Overall,0.06318145112930865,0.02913973875607606
