,mean,std
0,-0.6708854869360765,0.27511808669508514
1,0.6548804559802045,0.36327684392696064
Overall,-0.006081115560666052,0.7371036025684393
