,mean,std
0,0.11784774749451536,0.040583410606858
1,0.10493388292882949,0.03670321886776845
Overall,0.11137209946592505,0.03922150878460376
