,mean,std
0,-0.10650697474993501,0.16966438488103566
1,0.1042509891348361,0.1886841346290863
Overall,-0.0008225464830787696,0.2081066251745125
