,mean,std
0,-0.17879734933376312,0.3520885705947876
1,0.24991366267204285,0.24347947537899017
Overall,0.03617947921156883,0.370780885219574
