,mean,std
0,-0.2484413723825851,0.30896261143479914
1,0.25233012005989486,0.24496310629373008
Overall,0.002670129624803417,0.3746645517314385
