,mean,std
0,0.05102290551182569,0.030115002676459356
1,0.05099662577675726,0.030051792008645672
Overall,0.05100972755771891,0.030083325204536153
