,mean,std
0,-0.6362648010253906,0.37690335512161255
1,0.7800586223602295,0.3043680191040039
Overall,0.07394956052303314,0.7866162657737732
