{"0/precision": 0.8151162790697675, "0/recall": 0.8122827346465817, "0/f1-score": 0.8136970400464306, "0/support": 863, "1/precision": 0.8127167630057803, "1/recall": 0.8155452436194895, "1/f1-score": 0.814128546612623, "1/support": 862, "micro avg/precision": 0.8139130434782609, "micro avg/recall": 0.8139130434782609, "micro avg/f1-score": 0.8139130434782609, "micro avg/support": 1725, "macro avg/precision": 0.8139165210377739, "macro avg/recall": 0.8139139891330356, "macro avg/f1-score": 0.8139127933295268, "macro avg/support": 1725, "weighted avg/precision": 0.8139172165496764, "weighted avg/recall": 0.8139130434782609, "weighted avg/f1-score": 0.8139126682551598, "weighted avg/support": 1725, "accuracy": 0.8139130434782609, "roc_auc": 0.9023720738910561, "pr_auc": 0.9068110860307927, "conicity_mean": "0.7234141", "conicity_std": "0.17141998"}