,mean,std
grad-attn,0.051013484597206116,0.026910142973065376
attn-loo,0.05100972755771891,0.030083325204536153
grad-loo,0.023636484233207505,0.01758234702836408
