,mean,std
grad-attn,0.010953686713262294,0.3404887474807232
attn-loo,-0.002058087602401148,0.2790640959661171
grad-loo,0.8070804617487838,0.15164595459042599
