,mean,std
0,0.9183823196370144,0.05908636686542788
1,0.9028996990992731,0.0738176805635409
Overall,0.9106185707876543,0.06732673468456368
