,mean,std
0,0.028337756078709576,0.01813024085259619
1,0.03850086499688224,0.024920787194864843
Overall,0.033434039681155575,0.022385738625883337
