,mean,std
grad-attn,0.03617947921156883,0.370780885219574
attn-loo,0.002670129624803417,0.3746645517314385
grad-loo,0.9106185707876543,0.06732673468456368
