,mean,std
0,0.6982901701571895,0.14272709850537674
1,0.6348151608300032,0.17333762370117456
Overall,0.6664606727264556,0.16195604515801085
