,mean,std
grad-attn,0.11874335328521936,0.03583735710633418
attn-loo,0.11137209946592505,0.03922150878460376
grad-loo,0.033434039681155575,0.022385738625883337
