,mean,std
grad-attn,0.004387131867827599,0.2551527462034897
attn-loo,-0.0008225464830787696,0.2081066251745125
grad-loo,0.6664606727264556,0.16195604515801085
