,mean,std
0,0.8363904395887574,0.12805063589164484
1,0.7779399057460353,0.16689696554111905
Overall,0.8070804617487838,0.15164595459042599
