,mean,std
0,0.02119282265914831,0.015123957886307366
1,0.026066020595855947,0.019422651017339674
Overall,0.023636484233207505,0.01758234702836408
