,mean,std
0,-0.09555769491970573,0.2092832545466751
1,0.19814387616556545,0.17753827374111683
Overall,0.03333047279713502,0.24423999058131768
