,mean,std
0,0.06040672550539771,0.02695795219821963
1,0.06810507210785993,0.027681126960670998
Overall,0.06378507239123185,0.02754388891928641
