,mean,std
0,-0.03202199677467735,0.2391635997310152
1,0.17577258709083912,0.23000822938197293
Overall,0.05916669886949423,0.25680216528450145
