,mean,std
0,-0.10015575599788146,0.28673667360193306
1,0.2676424528501342,0.23016906373915144
Overall,0.06124902318933469,0.32046693090160144
