,mean,std
0,-0.12977344811526398,0.28276050207906867
1,0.27721168373617344,0.2340504755026329
Overall,0.04882814307983056,0.33120363337954795
