,mean,std
0,0.1112192944762804,0.035474227079805805
1,0.09945177225682329,0.032507396799139616
Overall,0.10605522820374182,0.03469887232670552
