,mean,std
0,-0.02096697619688915,0.17997405660197657
1,0.12287280276777451,0.17532947414559938
Overall,0.04215575578934296,0.1917330196147277
