,mean,std
0,-0.10180296748876572,0.32071226835250854
1,0.2897200584411621,0.22458761930465698
Overall,0.07001322507858276,0.34293287992477417
