,mean,std
0,0.05024936047983696,0.028397312109356438
1,0.048690499870680845,0.02724410519894127
Overall,0.04956526918642758,0.02790783193107061
