,mean,std
0,0.12037588602840162,0.0350987032485128
1,0.11720828300580638,0.03331957304828148
Overall,0.11898581328167432,0.034365272981204585
