,mean,std
0,-0.7412524310831261,0.31238718498930806
1,0.7078466237444964,0.32771419022365267
Overall,-0.10532896180514927,0.7867709871959527
