,mean,std
0,0.03604254126548767,0.021317023783922195
1,0.039352528750896454,0.023295318707823753
Overall,0.037495099008083344,0.022267553955316544
