,mean,std
0,-0.6993196606636047,0.39574503898620605
1,0.8015531897544861,0.28294146060943604
Overall,-0.040675703436136246,0.8232533931732178
