,mean,std
0,-0.6759832571766279,0.3009858609077827
1,0.6241662719753622,0.33371301564709666
Overall,-0.10542488409369653,0.7183191345162934
