,mean,std
0,0.05157925561070442,0.02766180969774723
1,0.05161318555474281,0.026480335742235184
Overall,0.05159414932131767,0.027149666100740433
