{"0/precision": 0.7789256198347108, "0/recall": 0.8736964078794901, "0/f1-score": 0.823593664664118, "0/support": 863, "1/precision": 0.8560105680317041, "1/recall": 0.7517401392111369, "1/f1-score": 0.8004941321803581, "1/support": 862, "micro avg/precision": 0.8127536231884058, "micro avg/recall": 0.8127536231884058, "micro avg/f1-score": 0.8127536231884059, "micro avg/support": 1725, "macro avg/precision": 0.8174680939332074, "macro avg/recall": 0.8127182735453136, "macro avg/f1-score": 0.812043898422238, "macro avg/support": 1725, "weighted avg/precision": 0.8174457504699619, "weighted avg/recall": 0.8127536231884058, "weighted avg/f1-score": 0.8120505939389, "weighted avg/support": 1725, "accuracy": 0.8127536231884058, "roc_auc": 0.898202192212457, "pr_auc": 0.9044059809137337, "conicity_mean": "0.72791314", "conicity_std": "0.16126963"}