,mean,std
0,0.6361601255782073,0.18725253788630347
1,0.6400365510700672,0.17014062337613148
Overall,0.6378612583882582,0.179953894967045
