,mean,std
grad-attn,0.05159414932131767,0.027149666100740433
attn-loo,0.04956526918642758,0.02790783193107061
grad-loo,0.023126370774802396,0.01654507399633753
