,mean,std
0,0.7782375154052611,0.1780362800840583
1,0.7825969847875405,0.16101915286558446
Overall,0.7801506274762091,0.17079109167144327
