,mean,std
grad-attn,0.03333047279713502,0.24423999058131768
attn-loo,0.04215575578934296,0.1917330196147277
grad-loo,0.6378612583882582,0.179953894967045
