,mean,std
grad-attn,0.04882814307983056,0.33120363337954795
attn-loo,0.05916669886949423,0.25680216528450145
grad-loo,0.7801506274762091,0.17079109167144327
