,mean,std
0,0.022659962652572033,0.016403467061901184
1,0.02372278168935853,0.016705443106039355
Overall,0.023126370774802396,0.01654507399633753
