,mean,std
grad-attn,0.07001322507858276,0.34293287992477417
attn-loo,0.06124902318933469,0.32046693090160144
grad-loo,0.908959142416786,0.07477552498455832
