,mean,std
0,0.9093662129383091,0.07573615701906085
1,0.9084386083813377,0.07352556784355192
Overall,0.908959142416786,0.07477552498455832
