,mean,std
0,0.03485804741376619,0.024396259988658988
1,0.036435186711049915,0.022778128562644714
Overall,0.03555016013726983,0.023712684886390344
