,mean,std
grad-attn,0.11898581328167432,0.034365272981204585
attn-loo,0.10605522820374182,0.03469887232670552
grad-loo,0.03555016013726983,0.023712684886390344
