,mean,std
0,0.06769968569278717,0.03489859029650688
1,0.06841602921485901,0.03511588275432587
Overall,0.06803896278142929,0.035003501921892166
