,mean,std
0,0.32894215109196,0.006675306800966383
1,0.3302122674782098,0.005913860963431926
Overall,0.3295437076644621,0.006357810947928005
