,mean,std
0,0.17603371485499728,0.2849474084423217
1,0.08267694363815281,0.23468675291376584
Overall,0.13181778321200485,0.2664547691983776
