,mean,std
0,0.06756464391946793,0.03487785533070564
1,0.06828800588846207,0.035103242844343185
Overall,0.06790724396705627,0.034986648708581924
