,mean,std
0,0.44493513646796673,0.20467573663184271
1,0.4215223719847576,0.19220823289372668
Overall,0.4338463083040352,0.19921158468825392
