,mean,std
0,0.06756396483759508,0.03487856171293738
1,0.06828875250020933,0.035102593942768594
Overall,0.06790724108127963,0.03498671907432438
