,mean,std
0,0.13816720310480604,0.21306050945276958
1,0.1850798172229935,0.21224798935637354
Overall,0.16038610497991276,0.21396209263791902
