,mean,std
0,0.3561021495307055,0.24706046021880343
1,0.3502708935158008,0.24305496372068328
Overall,0.35334033146451593,0.24518880931099235
