,mean,std
0,0.32722409724824114,0.007112244241319713
1,0.3284451447384011,0.006408104532739022
Overall,0.32780241365372564,0.00681518347212315
