,mean,std
0,0.2596561988972145,0.1852114328013765
1,0.2542821677699337,0.182401398294316
Overall,0.25711093314011974,0.18390546430457422
