,mean,std
0,0.17131007367740672,0.2915287920065579
1,0.22722059490920707,0.2946388609182679
Overall,0.19779059300864202,0.29433277713814265
