,mean,std
0,0.07361014932394028,0.27362242341041565
1,0.021729327738285065,0.2604004740715027
Overall,0.04903818666934967,0.26869329810142517
