,mean,std
0,0.32580858482138175,0.0081145817520407
1,0.3271057459832405,0.007212698469703972
Overall,0.32642295042673747,0.007727796057408658
