,mean,std
0,0.39263856410980225,0.35814034938812256
1,0.3410298228263855,0.34343770146369934
Overall,0.36819544434547424,0.352197527885437
