,mean,std
0,0.5423755967338785,0.24750237027819466
1,0.5155708734691734,0.2420550466006566
Overall,0.5296802582369138,0.24530287187042032
