{"0/precision": 0.8039647577092511, "0/recall": 0.8458864426419467, "0/f1-score": 0.8243929983060417, "0/support": 863, "1/precision": 0.8372093023255814, "1/recall": 0.7935034802784223, "1/f1-score": 0.8147706968433591, "1/support": 862, "micro avg/precision": 0.8197101449275362, "micro avg/recall": 0.8197101449275362, "micro avg/f1-score": 0.8197101449275362, "micro avg/support": 1725, "macro avg/precision": 0.8205870300174163, "macro avg/recall": 0.8196949614601845, "macro avg/f1-score": 0.8195818475747004, "macro avg/support": 1725, "weighted avg/precision": 0.8205773939175276, "weighted avg/recall": 0.8197101449275362, "weighted avg/f1-score": 0.8195846366475882, "weighted avg/support": 1725, "accuracy": 0.8197101449275362, "roc_auc": 0.8984683548727932, "pr_auc": 0.9063415423759167, "conicity_mean": "0.97075576", "conicity_std": "0.0103093665", "entropy_mean": "0.0038897994", "entropy_std": "0.0014776393"}