,mean,std
grad-attn,0.06803896278142929,0.035003501921892166
attn-loo,0.06790724108127963,0.03498671907432438
grad-loo,0.03446351662070282,0.019861094804504424
