,mean,std
0,0.6614900654355856,0.18481352578153695
1,0.6624559866738216,0.1784420904260616
Overall,0.6619475481321878,0.18182433869636058
