,mean,std
grad-attn,0.16038610497991276,0.21396209263791902
attn-loo,0.25711093314011974,0.18390546430457422
grad-loo,0.504853334685751,0.16855792090629615
