,mean,std
grad-attn,0.3295437076644621,0.006357810947928005
attn-loo,0.32780241365372564,0.00681518347212315
grad-loo,0.06557912256907093,0.036508448118405624
