,mean,std
grad-attn,0.19779059300864202,0.29433277713814265
attn-loo,0.35334033146451593,0.24518880931099235
grad-loo,0.6619475481321878,0.18182433869636058
