,mean,std
grad-attn,0.04903818666934967,0.26869329810142517
attn-loo,0.13181778321200485,0.2664547691983776
grad-loo,0.7672507160481251,0.16603132060159306
