,mean,std
0,0.034903176176868854,0.019369996848192184
1,0.033974886416297985,0.020381897525486407
Overall,0.03446351662070282,0.019861094804504424
