,mean,std
0,0.5035191460439732,0.17007158405195055
1,0.5063361294063562,0.16684703455198438
Overall,0.5048533346857511,0.16855792090629615
