,mean,std
0,0.7575911861637818,0.16981952798532066
1,0.7779861544018383,0.16103871629901875
Overall,0.7672507160481251,0.16603132060159306
