,mean,std
0,0.06512028806582205,0.03402755336091546
1,0.06608906348577838,0.039075009394894666
Overall,0.06557912256907093,0.036508448118405624
