,pval_sig,mean,std
0,0.48,0.34100077373872967,0.20437866827129264
1,0.60,0.4046880354443502,0.1944774812524647
Overall,0.55,0.3773302030247184,0.20127543899612024
