,pval_sig,mean,std
0,0.00,0.24964698705025723,0.1194355954500307
1,0.00,0.2323433180593581,0.10390612877634256
Overall,0.00,0.23977637239110083,0.1111743985958247
