,pval_sig,mean,std
0,0.00,0.21541144993233546,0.11014264314595386
1,0.00,0.19547880761864123,0.09129948241846216
Overall,0.00,0.20404117744730638,0.10031698932663412
