,pval_sig,mean,std
0,0.26,0.2252507453369753,0.20389592632628686
1,0.38,0.2831722251716498,0.19751883630153888
Overall,0.33,0.2582911720948418,0.2023249794211187
