,pval_sig,mean,std
0,0.00,0.1571334627567657,0.04821375745482264
1,0.00,0.1660647012139334,0.060973406383530444
Overall,0.00,0.1627601429847814,0.05675270675099941
