,pval_sig,mean,std
0,0.00,0.18878190024051714,0.02961251375425314
1,0.00,0.23417453724767823,0.08123487584179445
Overall,0.00,0.2187410406652434,0.07152572933180228
