,pval_sig,mean,std
0,0.00,1.0176196376032599e-19,3.359686298229362e-18
1,0.00,0.0,0.0
Overall,0.00,5.0974427209603146e-20,2.3783817782872248e-18
