,pval_sig,mean,std
0,0.00,0.1466728146763853,0.028707743855761532
1,0.00,0.15043044872098282,0.03313268671396243
Overall,0.00,0.14854818116237134,0.031052107945231052
