,pval_sig,mean,std
0,0.00,0.3143400579750586,0.1387772031553737
1,0.00,0.29312492409533875,0.1328499470181381
Overall,0.00,0.30267173434121264,0.1359595725064972
