,pval_sig,mean,std
0,0.00,0.3062063447736972,0.16235220159753366
1,0.00,0.25444743935309966,0.14268785847176346
Overall,0.00,0.2787741249007805,0.15442284084255847
