,pval_sig,mean,std
0,0.00,0.3748725929929327,0.15118479331829687
1,0.00,0.3592164375910618,0.1300252998028949
Overall,0.00,0.36667920499928697,0.14072674243133818
