,pval_sig,mean,std
0,0.00,0.37099951835564354,0.16702803743746492
1,0.00,0.33459119496855333,0.1426717903377514
Overall,0.00,0.3517031069604859,0.15566215741723594
