{"0/precision": 0.8331415420023015, "0/recall": 0.8389339513325609, "0/f1-score": 0.8360277136258661, "0/support": 863, "1/precision": 0.8376168224299065, "1/recall": 0.8317865429234339, "1/f1-score": 0.8346915017462166, "1/support": 862, "micro avg/precision": 0.8353623188405798, "micro avg/recall": 0.8353623188405798, "micro avg/f1-score": 0.8353623188405798, "micro avg/support": 1725, "macro avg/precision": 0.8353791822161041, "macro avg/recall": 0.8353602471279974, "macro avg/f1-score": 0.8353596076860414, "macro avg/support": 1725, "weighted avg/precision": 0.8353778850333714, "weighted avg/recall": 0.8353623188405798, "weighted avg/f1-score": 0.8353599949938326, "weighted avg/support": 1725, "accuracy": 0.8353623188405798, "roc_auc": 0.9054598296021271, "pr_auc": 0.9095720217888573}