{"0/precision": 0.8785517873510541, "0/recall": 0.8777472527472527, "0/f1-score": 0.8781493357764545, "0/support": 2184, "1/precision": 0.8771849126034958, "1/recall": 0.8779926335174953, "1/f1-score": 0.8775885872066267, "1/support": 2172, "micro avg/precision": 0.8778696051423324, "micro avg/recall": 0.8778696051423324, "micro avg/f1-score": 0.8778696051423324, "micro avg/support": 4356, "macro avg/precision": 0.877868349977275, "macro avg/recall": 0.877869943132374, "macro avg/f1-score": 0.8778689614915406, "macro avg/support": 4356, "weighted avg/precision": 0.8778702327248611, "weighted avg/recall": 0.8778696051423324, "weighted avg/f1-score": 0.8778697338724908, "weighted avg/support": 4356, "accuracy": 0.8778696051423324, "roc_auc": 0.9470719581216818, "pr_auc": 0.940065516656622}