{"0/precision": 0.8690958164642375, "0/recall": 0.746234067207416, "0/f1-score": 0.8029925187032418, "0/support": 863, "1/precision": 0.7774390243902439, "1/recall": 0.8874709976798144, "1/f1-score": 0.828819068255688, "1/support": 862, "micro avg/precision": 0.8168115942028985, "micro avg/recall": 0.8168115942028985, "micro avg/f1-score": 0.8168115942028985, "micro avg/support": 1725, "macro avg/precision": 0.8232674204272408, "macro avg/recall": 0.8168525324436152, "macro avg/f1-score": 0.8159057934794649, "macro avg/support": 1725, "weighted avg/precision": 0.8232939876133492, "weighted avg/recall": 0.8168115942028985, "weighted avg/f1-score": 0.815898307523073, "weighted avg/support": 1725, "accuracy": 0.8168115942028985, "roc_auc": 0.8991404828029348, "pr_auc": 0.9017498115557518}