,pval_sig,mean,std
0,0.77,0.20558931968630456,0.1198045058782028
1,0.82,0.2204796075308699,0.11075912286471637
Overall,0.80,0.21302079024968498,0.11561875512802038
