,pval_sig,mean,std
0,0.28,0.015769915549607112,0.09691029484328076
1,0.27,0.01921686810894931,0.09647027103384993
Overall,0.28,0.017490226583585518,0.09670629616646377
