,pval_sig,mean,std
0,0.16,0.02978337006211304,0.07211743043904617
1,0.17,0.031412815748544085,0.07322670925245245
Overall,0.17,0.030596596628297862,0.07267773442357549
