,pval_sig,mean,std
0,0.37,0.07328698882611846,0.0821628712612113
1,0.36,0.07850228429181659,0.08165349971540486
Overall,0.36,0.07588984749058764,0.08195054693207873
