,pval_sig,mean,std
0,1.00,0.5832340959107946,0.0963238959303727
1,0.98,0.601632586656371,0.08752433054755591
Overall,0.99,0.5948251450805077,0.09131261735874381
