,pval_sig,mean,std
0,0.14,0.1600630483648902,0.24243755001650705
1,0.19,0.21125119484764315,0.24798807787445548
Overall,0.17,0.1882165289304043,0.24682309107468817
