,pval_sig,mean,std
0,0.09,0.25800096328871286,0.33405607487492983
1,0.11,0.33081761006289306,0.28534358067550275
Overall,0.10,0.29659378607902837,0.31132431483447187
