,pval_sig,mean,std
0,0.13,0.3875873104526057,0.32470440319506727
1,0.19,0.4911051212938005,0.2853757169435269
Overall,0.16,0.44245175019843896,0.30884568168511695
