,pval_sig,mean,std
0,0.13,0.2502548140141345,0.3023695866365937
1,0.09,0.2815671248178763,0.2600505996057898
Overall,0.11,0.26664159000142607,0.28145348486267635
