{"0/precision": 0.8772663877266388, "0/recall": 0.7288528389339514, "0/f1-score": 0.7962025316455695, "0/support": 863, "1/precision": 0.7678571428571429, "1/recall": 0.8979118329466357, "1/f1-score": 0.827807486631016, "1/support": 862, "micro avg/precision": 0.8133333333333334, "micro avg/recall": 0.8133333333333334, "micro avg/f1-score": 0.8133333333333334, "micro avg/support": 1725, "macro avg/precision": 0.8225617652918908, "macro avg/recall": 0.8133823359402935, "macro avg/f1-score": 0.8120050091382928, "macro avg/support": 1725, "weighted avg/precision": 0.8225934781164906, "weighted avg/recall": 0.8133333333333334, "weighted avg/f1-score": 0.8119958482817753, "weighted avg/support": 1725, "accuracy": 0.8133333333333334, "roc_auc": 0.9028506289773169, "pr_auc": 0.9037668150803897}