,mean,std
0,-0.21948332537407358,0.25990174300045427
1,0.00677529401834919,0.2946254872822205
Overall,-0.09920555494923203,0.3008854296129371
