,mean,std
0,0.3295755838919984,0.007091525428303117
1,0.3303479682268207,0.00676081851141433
Overall,0.3299861789267996,0.0069284207208572405
