,mean,std
0,0.06686808610328573,0.034040101207057985
1,0.06892759247591014,0.035888286339455816
Overall,0.0679629077518055,0.03504979607557789
