,mean,std
0,-0.23862566895272494,0.2427913536951689
1,0.12284587962586295,0.363851193526334
Overall,-0.04646948921558574,0.3612795877228314
