,mean,std
0,0.32929796958361,0.007566168111827969
1,0.33068228345237477,0.007052754275510691
Overall,0.3300338628112374,0.00733035863041627
