,mean,std
0,-0.05251695588231087,0.37610095739364624
1,0.11995045840740204,0.357126921415329
Overall,0.03916572034358978,0.3761153817176819
