,mean,std
0,-0.1552685917595225,0.30257153897263606
1,-0.0010123357278989072,0.3003615768514658
Overall,-0.07326686029227682,0.3110726677998641
