,mean,std
0,0.3260026287545662,0.00856590198056773
1,0.3278613111965009,0.00798607547004529
Overall,0.326990693565728,0.008314628521945653
