,mean,std
0,-0.1556099014164742,0.20182389017155639
1,0.005446486056672139,0.21950469062016173
Overall,-0.06999325949596685,0.22616775256409624
