,mean,std
0,0.372582346200943,0.4474736750125885
1,0.3183874487876892,0.3782571852207184
Overall,0.34377267956733704,0.4130147695541382
