,mean,std
0,0.06695766001939774,0.03403310477733612
1,0.06899921596050262,0.035881396383047104
Overall,0.06804294139146805,0.03504260256886482
