,mean,std
0,-0.11462895060431533,0.23169759193409817
1,0.0016481730454231739,0.22759635916107185
Overall,-0.05281670574239637,0.23674674598222334
