,mean,std
0,0.1434307911522393,0.27860261374019524
1,0.09650827243692574,0.260255381674239
Overall,0.11848705221777986,0.27002224950891507
