,mean,std
0,0.0668606162071228,0.034040145576000214
1,0.06891748309135437,0.03589046746492386
Overall,0.06795404106378555,0.03505096584558487
