,mean,std
0,0.18535914458436364,0.3686884627400958
1,0.13583862964369128,0.3383708580438071
Overall,0.15903432591735114,0.3537603261120428
