{"0/precision": 0.8366336633663366, "0/recall": 0.7833140208574739, "0/f1-score": 0.8090963494913225, "0/support": 863, "1/precision": 0.7960741548527808, "1/recall": 0.8468677494199536, "1/f1-score": 0.8206857785272624, "1/support": 862, "micro avg/precision": 0.8150724637681159, "micro avg/recall": 0.8150724637681159, "micro avg/f1-score": 0.8150724637681159, "micro avg/support": 1725, "macro avg/precision": 0.8163539091095586, "macro avg/recall": 0.8150908851387137, "macro avg/f1-score": 0.8148910640092925, "macro avg/support": 1725, "weighted avg/precision": 0.816365665488838, "weighted avg/recall": 0.8150724637681159, "weighted avg/f1-score": 0.8148877047544993, "weighted avg/support": 1725, "accuracy": 0.8150724637681159, "roc_auc": 0.8857167437821445, "pr_auc": 0.8874017618153867, "conicity_mean": "0.8023912", "conicity_std": "0.08084341", "entropy_mean": "0.003649047", "entropy_std": "0.0012414965"}