,mean,std
0,0.04991961517698669,0.032277508149610584
1,0.05091676803763584,0.031617535778691704
Overall,0.05044969585711149,0.031932246110767774
