,mean,std
grad-attn,-0.07326686029227682,0.3110726677998641
attn-loo,-0.09920555494923203,0.3008854296129371
grad-loo,0.587750341876489,0.21659315731520815
