,mean,std
0,0.5432458714028005,0.23702342936202286
1,0.6269647498838393,0.1883180551864464
Overall,0.587750341876489,0.21659315731520815
