,mean,std
grad-attn,0.3299861789267996,0.0069284207208572405
attn-loo,0.3300338628112374,0.00733035863041627
grad-loo,0.11466034661375722,0.06350895300640566
