,mean,std
0,0.11449881222396616,0.05737698345218915
1,0.11480268007826235,0.06845802491313313
Overall,0.11466034661375722,0.06350895300640566
