,mean,std
0,0.6392305607090315,0.2635306594979522
1,0.6522026951309241,0.231836423953789
Overall,0.6461264721669305,0.24727339366556
