,mean,std
grad-attn,-0.05281670574239637,0.23674674598222334
attn-loo,-0.06999325949596685,0.22616775256409624
grad-loo,0.4471356759897919,0.1833389685435051
