,mean,std
grad-attn,0.06804294139146805,0.03504260256886482
attn-loo,0.0679629077518055,0.03504979607557789
grad-loo,0.05044969585711149,0.031932246110767774
