,mean,std
0,0.41011895405882054,0.19582207531858278
1,0.47975237317651487,0.16483768503346233
Overall,0.4471356759897919,0.1833389685435051
