,mean,std
grad-attn,0.03916572034358978,0.3761153817176819
attn-loo,-0.04646948921558574,0.3612795877228314
grad-loo,0.6461264721669305,0.24727339366556
