{"0/precision": 0.8174778761061947, "0/recall": 0.8563151796060255, "0/f1-score": 0.8364459535936616, "0/support": 863, "1/precision": 0.8489646772228989, "1/recall": 0.808584686774942, "1/f1-score": 0.8282828282828283, "1/support": 862, "micro avg/precision": 0.832463768115942, "micro avg/recall": 0.832463768115942, "micro avg/f1-score": 0.832463768115942, "micro avg/support": 1725, "macro avg/precision": 0.8332212766645468, "macro avg/recall": 0.8324499331904838, "macro avg/f1-score": 0.832364390938245, "macro avg/support": 1725, "weighted avg/precision": 0.8332121500555275, "weighted avg/recall": 0.832463768115942, "weighted avg/f1-score": 0.8323667570615235, "weighted avg/support": 1725, "accuracy": 0.832463768115942, "roc_auc": 0.9097278419585271, "pr_auc": 0.916164765452575}