,pval_sig,mean,std
0,0.19,-0.03729894784308697,0.07271175763458525
1,0.22,-0.04427741487152665,0.07637428177376335
Overall,0.21,-0.04078177321494827,0.074643744619088
