,pval_sig,mean,std
0,0.13,0.014579472133487223,0.07267156982625758
1,0.14,0.01694511918311979,0.0741035085174695
Overall,0.14,0.015760123346963164,0.07339924787305399
