,pval_sig,mean,std
0,0.00,0.14500943992485982,0.030426922772501714
1,0.00,0.14866244916852342,0.03474115400398475
Overall,0.00,0.14683259008457622,0.03270245618561706
