,pval_sig,mean,std
0,0.00,0.1847304033125054,0.047094022556000946
1,0.00,0.17874655236199988,0.04995729708405761
Overall,0.00,0.1814751883954304,0.0487637002706685
