,pval_sig,mean,std
0,0.00,0.1394412020905757,0.025027437626325526
1,0.00,0.1438427257175783,0.029784887305664746
Overall,0.00,0.14163792210093007,0.027592751835356644
