,pval_sig,mean,std
0,0.00,0.13864542962812357,0.02393820557238311
1,0.00,0.14241396169031606,0.029676482502093968
Overall,0.00,0.1405262351155447,0.027020984142545314
