,pval_sig,mean,std
0,0.98,0.4519453205433263,0.10676030700999571
1,0.99,0.486701685891608,0.08800003741355818
Overall,0.99,0.47085278329279157,0.09853822667036158
