,pval_sig,mean,std
0,1.00,0.9999996199439053,1.5785804935367264e-05
1,1.00,0.9999999875044506,4.595296300239662e-07
Overall,1.00,0.9999998033866568,1.1178721293050075e-05
