,pval_sig,mean,std
0,0.00,0.13646721715719118,0.024613785564144328
1,0.00,0.1388401526806431,0.031660733302608435
Overall,0.00,0.13765150591476336,0.028375408078707635
