,pval_sig,mean,std
0,0.35,0.2120156695163033,0.09892278893316524
1,0.55,0.24744037448805717,0.11381935998099123
Overall,0.48,0.23539597479766086,0.11026760515163948
