,pval_sig,mean,std
0,0.00,0.16022294318088912,0.038716055563349276
1,0.00,0.16045886561171968,0.04351033705315578
Overall,0.00,0.16034068775495378,0.04117879442912612
